id,script_name,filename,type,category
6.1.1,6.1.1_permissions_on_etc_passwd_automated,6.1.1_permissions_on_etc_passwd_automated.sh,automated,System File Permissions
6.1.10,6.1.10_permissions_on_etc_security_opasswd_automated,6.1.10_permissions_on_etc_security_opasswd_automated.sh,automated,System File Permissions
6.1.11,6.1.11_world_writable_files_and_directories_secured_automated,6.1.11_world_writable_files_and_directories_secured_automated.sh,automated,System File Permissions
6.1.12,6.1.12_no_unowned_or_ungrouped_files_or_directories_exist_automated,6.1.12_no_unowned_or_ungrouped_files_or_directories_exist_automated.sh,automated,System File Permissions
6.1.13,6.1.13_suid_and_sgid_files_reviewed_manual,6.1.13_suid_and_sgid_files_reviewed_manual.sh,manual,System File Permissions
6.1.14,6.1.14_audit_system_file_permissions_manual,6.1.14_audit_system_file_permissions_manual.sh,manual,System File Permissions
6.1.2,6.1.2_permissions_on_etc_passwd-_automated,6.1.2_permissions_on_etc_passwd-_automated.sh,automated,System File Permissions
6.1.3,6.1.3_permissions_on_etc_group_automated,6.1.3_permissions_on_etc_group_automated.sh,automated,System File Permissions
6.1.4,6.1.4_permissions_on_etc_group-_automated,6.1.4_permissions_on_etc_group-_automated.sh,automated,System File Permissions
6.1.5,6.1.5_permissions_on_etc_shadow_automated,6.1.5_permissions_on_etc_shadow_automated.sh,automated,System File Permissions
6.1.6,6.1.6_permissions_on_etc_shadow-_automated,6.1.6_permissions_on_etc_shadow-_automated.sh,automated,System File Permissions
6.1.7,6.1.7_permissions_on_etc_gshadow_automated,6.1.7_permissions_on_etc_gshadow_automated.sh,automated,System File Permissions
6.1.8,6.1.8_permissions_on_etc_gshadow-_automated,6.1.8_permissions_on_etc_gshadow-_automated.sh,automated,System File Permissions
6.1.9,6.1.9_permissions_on_etc_shells_automated,6.1.9_permissions_on_etc_shells_automated.sh,automated,System File Permissions
6.2.1,6.2.1_accounts_in_etc_passwd_use_shadowed_passwords_automated,6.2.1_accounts_in_etc_passwd_use_shadowed_passwords_automated.sh,automated,User and Group Settings
6.2.10,6.2.10_local_interactive_user_home_directories_automated,6.2.10_local_interactive_user_home_directories_automated.sh,automated,User and Group Settings
6.2.11,6.2.11_local_interactive_user_dot_files_access_automated,6.2.11_local_interactive_user_dot_files_access_automated.sh,automated,User and Group Settings
6.2.2,6.2.2_etc_shadow_password_fields_not_empty_automated,6.2.2_etc_shadow_password_fields_not_empty_automated.sh,automated,User and Group Settings
6.2.3,6.2.3_all_groups_in_etc_passwd_exist_in_etc_group_automated,6.2.3_all_groups_in_etc_passwd_exist_in_etc_group_automated.sh,automated,User and Group Settings
6.2.4,6.2.4_no_duplicate_uids_exist_automated,6.2.4_no_duplicate_uids_exist_automated.sh,automated,User and Group Settings
6.2.5,6.2.5_no_duplicate_gids_exist_automated,6.2.5_no_duplicate_gids_exist_automated.sh,automated,User and Group Settings
6.2.6,6.2.6_no_duplicate_user_names_exist_automated,6.2.6_no_duplicate_user_names_exist_automated.sh,automated,User and Group Settings
6.2.7,6.2.7_no_duplicate_group_names_exist_automated,6.2.7_no_duplicate_group_names_exist_automated.sh,automated,User and Group Settings
6.2.8,6.2.8_root_path_integrity_automated,6.2.8_root_path_integrity_automated.sh,automated,User and Group Settings
6.2.9,6.2.9_root_is_the_only_uid_0_account_automated,6.2.9_root_is_the_only_uid_0_account_automated.sh,automated,User and Group Settings
