Script,Control,Type,Profile
6.1.1.sh,6.1.1 Ensure permissions on /etc/passwd are configured (Automated),Automated,Level 1 - Server & Workstation
6.1.2.sh,6.1.2 Ensure permissions on /etc/passwd- are configured (Automated),Automated,Level 1 - Server & Workstation
6.1.3.sh,6.1.3 Ensure permissions on /etc/group are configured (Automated),Automated,Level 1 - Server & Workstation
6.1.4.sh,6.1.4 Ensure permissions on /etc/group- are configured (Automated),Automated,Level 1 - Server & Workstation
6.1.5.sh,6.1.5 Ensure permissions on /etc/shadow are configured (Automated),Automated,Level 1 - Server & Workstation
6.1.6.sh,6.1.6 Ensure permissions on /etc/shadow- are configured (Automated),Automated,Level 1 - Server & Workstation
6.1.7.sh,6.1.7 Ensure permissions on /etc/gshadow are configured (Automated),Automated,Level 1 - Server & Workstation
6.1.8.sh,6.1.8 Ensure permissions on /etc/gshadow- are configured (Automated),Automated,Level 1 - Server & Workstation
6.1.9.sh,6.1.9 Ensure permissions on /etc/shells are configured (Automated),Automated,Level 1 - Server & Workstation
6.1.10.sh,6.1.10 Ensure permissions on /etc/security/opasswd are configured (Automated),Automated,Level 1 - Server & Workstation
6.1.11.sh,6.1.11 Ensure world writable files and directories are secured (Automated),Automated,Level 1 - Server & Workstation
6.1.12.sh,6.1.12 Ensure no unowned or ungrouped files or directories exist (Automated),Automated,Level 1 - Server & Workstation
6.1.13.sh,6.1.13 Ensure SUID and SGID files are reviewed (Manual),Manual,Level 1 - Server & Workstation
6.1.14.sh,6.1.14 Audit system file permissions (Manual),Manual,Level 1 - Server & Workstation
6.2.1.sh,6.2.1 Ensure accounts in /etc/passwd use shadowed passwords (Automated),Automated,Level 1 - Server & Workstation
6.2.2.sh,6.2.2 Ensure /etc/shadow password fields are not empty (Automated),Automated,Level 1 - Server & Workstation
6.2.3.sh,6.2.3 Ensure all groups in /etc/passwd exist in /etc/group (Automated),Automated,Level 1 - Server & Workstation
6.2.4.sh,6.2.4 Ensure no duplicate UIDs exist (Automated),Automated,Level 1 - Server & Workstation
6.2.5.sh,6.2.5 Ensure no duplicate GIDs exist (Automated),Automated,Level 1 - Server & Workstation
6.2.6.sh,6.2.6 Ensure no duplicate user names exist (Automated),Automated,Level 1 - Server & Workstation
6.2.7.sh,6.2.7 Ensure no duplicate group names exist (Automated),Automated,Level 1 - Server & Workstation
6.2.8.sh,6.2.8 Ensure root path integrity (Automated),Automated,Level 1 - Server & Workstation
6.2.9.sh,6.2.9 Ensure root is the only UID 0 account (Automated),Automated,Level 1 - Server & Workstation
6.2.10.sh,6.2.10 Ensure local interactive user home directories are configured (Automated),Automated,Level 1 - Server & Workstation
6.2.11.sh,6.2.11 Ensure local interactive user dot files access is configured (Automated),Automated,Level 1 - Server & Workstation
