<BackupInst xmlns="http://www.microsoft.com/GroupPolicy/GPOOperations/Manifest"><GPOGuid><![CDATA[{0FB7636B-A9F2-4B95-8F58-250559927697}]]></GPOGuid><GPODomain><![CDATA[redlab.local]]></GPODomain><GPODomainGuid><![CDATA[{1f63637a-e7a9-49da-8f14-2673883072aa}]]></GPODomainGuid><GPODomainController><![CDATA[WIN-6VABV9C1HCG.redlab.local]]></GPODomainController><BackupTime><![CDATA[2025-10-21T18:25:42]]></BackupTime><ID><![CDATA[{2241C612-DC7D-47B6-9E01-8267B28A129B}]]></ID><Comment><![CDATA[]]></Comment><GPODisplayName><![CDATA[CIS_Hardening_Windows_Server_2025]]></GPODisplayName></BackupInst>
