id,script_name,filename,type
2.1.1,2.1.1_time_synchronization_is_in_use_automated,section2_scripts/2.1.1_time_synchronization_is_in_use_automated.sh,automated
2.1.2,2.1.2_chrony_automated,section2_scripts/2.1.2_chrony_automated.sh,automated
2.1.3,2.1.3_chrony_not_run_as_the_root_user_automated,section2_scripts/2.1.3_chrony_not_run_as_the_root_user_automated.sh,automated
2.2.1,2.2.1_autofs_services_automated,section2_scripts/2.2.1_autofs_services_automated.sh,automated
2.2.10,2.2.10_nis_server_services_automated,section2_scripts/2.2.10_nis_server_services_automated.sh,automated
2.2.11,2.2.11_print_server_services_automated,section2_scripts/2.2.11_print_server_services_automated.sh,automated
2.2.12,2.2.12_rpcbind_services_automated,section2_scripts/2.2.12_rpcbind_services_automated.sh,automated
2.2.13,2.2.13_rsync_services_automated,section2_scripts/2.2.13_rsync_services_automated.sh,automated
2.2.14,2.2.14_snmp_services_automated,section2_scripts/2.2.14_snmp_services_automated.sh,automated
2.2.15,2.2.15_telnet_server_services_automated,section2_scripts/2.2.15_telnet_server_services_automated.sh,automated
2.2.16,2.2.16_tftp_server_services_automated,section2_scripts/2.2.16_tftp_server_services_automated.sh,automated
2.2.2,2.2.2_avahi_daemon_services_automated,section2_scripts/2.2.2_avahi_daemon_services_automated.sh,automated
2.2.3,2.2.3_dhcp_server_services_automated,section2_scripts/2.2.3_dhcp_server_services_automated.sh,automated
2.2.4,2.2.4_dns_server_services_automated,section2_scripts/2.2.4_dns_server_services_automated.sh,automated
2.2.5,2.2.5_dnsmasq_services_automated,section2_scripts/2.2.5_dnsmasq_services_automated.sh,automated
2.2.6,2.2.6_samba_file_server_services_automated,section2_scripts/2.2.6_samba_file_server_services_automated.sh,automated
2.2.7,2.2.7_ftp_server_services_automated,section2_scripts/2.2.7_ftp_server_services_automated.sh,automated
2.2.8,2.2.8_message_access_server_services_automated,section2_scripts/2.2.8_message_access_server_services_automated.sh,automated
2.2.9,2.2.9_network_file_system_services_automated,section2_scripts/2.2.9_network_file_system_services_automated.sh,automated
2.3.1,2.3.1_ftp_client_not_installed_automated,section2_scripts/2.3.1_ftp_client_not_installed_automated.sh,automated
2.3.2,2.3.2_ldap_client_not_installed_automated,section2_scripts/2.3.2_ldap_client_not_installed_automated.sh,automated
2.3.3,2.3.3_nis_client_not_installed_automated,section2_scripts/2.3.3_nis_client_not_installed_automated.sh,automated
2.3.4,2.3.4_telnet_client_not_installed_automated,section2_scripts/2.3.4_telnet_client_not_installed_automated.sh,automated
2.3.5,2.3.5_tftp_client_not_installed_automated,section2_scripts/2.3.5_tftp_client_not_installed_automated.sh,automated
2.2.17,2.2.17_web_proxy_server_services_automated,section2_scripts/2.2.17_web_proxy_server_services_automated.sh,automated
2.2.18,2.2.18_web_server_services_automated,section2_scripts/2.2.18_web_server_services_automated.sh,automated
2.2.19,2.2.19_xinetd_services_automated,section2_scripts/2.2.19_xinetd_services_automated.sh,automated
2.2.20,2.2.20_x_window_server_services_automated,section2_scripts/2.2.20_x_window_server_services_automated.sh,automated
2.2.21,2.2.21_mail_transfer_agents_for_local-only_mode_automated,section2_scripts/2.2.21_mail_transfer_agents_for_local-only_mode_automated.sh,automated
2.2.22,2.2.22_only_approved_services_listening_on_a_network_interface_manual,section2_scripts/2.2.22_only_approved_services_listening_on_a_network_interface_manual.sh,manual
