Script,Control,Type,Profile
2.1.1.sh,2.1.1 Ensure time synchronization is in use (Automated),Automated,Level 1 - Server & Workstation
2.1.2.sh,2.1.2 Ensure chrony is configured (Automated),Automated,Level 1 - Server & Workstation
2.1.3.sh,2.1.3 Ensure chrony is not run as the root user (Automated),Automated,Level 1 - Server & Workstation
2.2.1.sh,2.2.1 Ensure autofs services are not in use (Automated),Automated,Level 1 - Server & Workstation
2.2.2.sh,2.2.2 Ensure avahi daemon services are not in use (Automated),Automated,Level 1 - Server & Workstation
2.2.3.sh,2.2.3 Ensure dhcp server services are not in use (Automated),Automated,Level 1 - Server & Workstation
2.2.4.sh,2.2.4 Ensure dns server services are not in use (Automated),Automated,Level 1 - Server & Workstation
2.2.5.sh,2.2.5 Ensure dnsmasq services are not in use (Automated),Automated,Level 1 - Server & Workstation
2.2.6.sh,2.2.6 Ensure samba file server services are not in use (Automated),Automated,Level 1 - Server & Workstation
2.2.7.sh,2.2.7 Ensure ftp server services are not in use (Automated),Automated,Level 1 - Server & Workstation
2.2.8.sh,2.2.8 Ensure message access server services are not in use (Automated),Automated,Level 1 - Server & Workstation
2.2.9.sh,2.2.9 Ensure network file system services are not in use (Automated),Automated,Level 1 - Server & Workstation
2.2.10.sh,2.2.10 Ensure nis server services are not in use (Automated),Automated,Level 1 - Server & Workstation
2.2.11.sh,2.2.11 Ensure print server services are not in use (Automated),Automated,Level 1 - Server & Workstation
2.2.12.sh,2.2.12 Ensure rpcbind services are not in use (Automated),Automated,Level 1 - Server & Workstation
2.2.13.sh,2.2.13 Ensure rsync services are not in use (Automated),Automated,Level 1 - Server & Workstation
2.2.14.sh,2.2.14 Ensure snmp services are not in use (Automated),Automated,Level 1 - Server & Workstation
2.2.15.sh,2.2.15 Ensure telnet server services are not in use (Automated),Automated,Level 1 - Server & Workstation
2.2.16.sh,2.2.16 Ensure tftp server services are not in use (Automated),Automated,Level 1 - Server & Workstation
2.2.17.sh,2.2.17 Ensure web proxy server services are not in use (Automated),Automated,Level 1 - Server & Workstation
2.2.18.sh,2.2.18 Ensure web server services are not in use (Automated),Automated,Level 1 - Server & Workstation
2.2.19.sh,2.2.19 Ensure xinetd services are not in use (Automated),Automated,Level 1 - Server & Workstation
2.2.20.sh,2.2.20 Ensure X window server services are not in use (Automated),Automated,Level 1 - Server & Workstation
2.2.21.sh,2.2.21 Ensure mail transfer agents are configured for local-only mode (Automated),Automated,Level 1 - Server & Workstation
2.2.22.sh,2.2.22 Ensure only approved services are listening on a network interface (Manual),Manual,Level 1 - Server & Workstation
2.3.1.sh,2.3.1 Ensure ftp client is not installed (Automated),Automated,Level 1 - Server & Workstation
2.3.2.sh,2.3.2 Ensure ldap client is not installed (Automated),Automated,Level 1 - Server & Workstation
2.3.3.sh,2.3.3 Ensure nis client is not installed (Automated),Automated,Level 1 - Server & Workstation
2.3.4.sh,2.3.4 Ensure telnet client is not installed (Automated),Automated,Level 1 - Server & Workstation
2.3.5.sh,2.3.5 Ensure tftp client is not installed (Automated),Automated,Level 1 - Server & Workstation
